Region,EmploymentStatus,PropertyType,Education,MaritalStatus,Age,Income,HousingCost,Savings,RecordDate,predicted
Wales,Employed,Flat,Master,Single,35,36289,22508.86615425177,4890.869318915554,2023-08-23,15824.163672601244
Wales,Unemployed,Semi-Detached,Bachelor,Married,58,54463,24151.153836715563,21977.070254395407,2022-02-17,26015.36437095301
London,Self-Employed,Detached,Master,Single,50,88284,27129.05353646646,11611.118674863445,2023-09-16,37268.90150231406
South East,Self-Employed,Flat,Bachelor,Single,45,54434,23223.827739693195,8984.965249837727,2022-12-29,23705.45492096008
Wales,Employed,House,Phd,Married,38,53537,18822.637206396448,8964.90561873625,2021-10-06,23152.573888560408
South East,Unemployed,Semi-Detached,Phd,Divorced,50,36726,11626.296148182617,14616.786142518538,2020-10-10,17867.236447360963
Scotland,Self-Employed,Flat,High School,Single,30,38969,22461.53926245112,13193.485407437714,2023-10-25,17935.701630581716
Wales,Employed,Detached,Master,Single,39,74985,17950.06072333727,36107.25493006728,2021-09-03,35445.913754680296
Wales,Unemployed,House,Bachelor,Married,31,88697,55463.64849116796,41456.746988966246,2021-05-05,41280.02837246553
London,Employed,Flat,High School,Divorced,52,27071,19761.00637991869,10999.861534307787,2021-03-09,13675.184075499341
Scotland,Unemployed,House,Master,Married,63,66944,22508.86615425177,13874.521203520892,2023-12-20,29769.097398369944
Wales,Employed,House,High School,Single,42,27287,11294.17231442594,10030.458654548243,2022-04-13,13322.809299721806
South East,Employed,Flat,Phd,Married,48,71883,22508.86615425177,26549.68550123376,2021-01-24,33103.55001657945
Scotland,Self-Employed,House,Phd,Single,38,78637,22769.660374736657,13874.521203520892,2021-04-29,33539.04425049796
South East,Self-Employed,Semi-Detached,Phd,Single,46,25685,2936.2965621193753,12691.563060992905,2023-02-12,13216.1085962662
Wales,Unemployed,Semi-Detached,Bachelor,Single,39,53537,31899.772556316195,13874.521203520892,2020-04-26,23906.865875039945
Scotland,Employed,House,High School,Divorced,25,48828,23440.443416919097,9691.68120072919,2021-02-22,21067.270288359567
Wales,Unemployed,Detached,Bachelor,Married,46,35154,16967.90933427719,13874.521203520892,2023-01-06,17035.586929481145
South East,Unemployed,Detached,Bachelor,Married,25,50018,16557.552073589522,13768.646389079851,2023-02-09,22127.411342387488
Midlands,Unemployed,Flat,Bachelor,Married,28,32029,13875.852389929594,6692.116356892501,2020-04-14,14245.77939433507
London,Unemployed,Semi-Detached,Master,Single,21,61719,31378.197563941925,10160.971197459194,2020-11-01,25981.597230747764
Scotland,Employed,Detached,Bachelor,Married,29,23482,4056.98290057079,10791.61932596587,2023-06-25,11590.548585609631
Wales,Employed,House,Bachelor,Single,47,21248,7087.869381708522,8774.45930805795,2022-02-22,10958.98634998558
London,Self-Employed,House,Bachelor,Married,43,58001,29885.42572145605,10972.01546459365,2022-11-09,25313.431947572106
North West,Unemployed,Detached,High School,Single,37,41405,18114.01127390792,4774.115702564737,2023-03-26,17834.627081067592
South East,Self-Employed,Flat,Phd,Single,54,53537,41665.18012578397,21761.86674521019,2021-09-07,25510.20807674417
Scotland,Self-Employed,Semi-Detached,Master,Married,65,56752,23343.405926391057,15219.668133712035,2020-01-01,26103.147937198555
Midlands,Self-Employed,House,Phd,Divorced,59,60237,27106.57276556829,22302.803058268822,2023-09-21,28315.214439070667
Wales,Unemployed,Detached,High School,Single,64,53537,17547.970367883998,9327.804792927063,2023-03-24,23966.288913741108
South East,Unemployed,Semi-Detached,Phd,Married,36,37342,12999.981387827684,17067.68129215394,2022-08-09,18056.999370929778
London,Unemployed,House,High School,Married,29,78901,42317.64273757854,26682.813351822275,2023-01-27,35269.08358166346
North West,Employed,Semi-Detached,Phd,Married,36,54347,31693.636705174315,15969.257634687116,2020-06-14,24440.294795852948
South East,Employed,House,Phd,Divorced,30,46043,22508.86615425177,10698.208755026591,2020-02-10,20290.098933085013
Scotland,Self-Employed,Semi-Detached,High School,Married,40,69116,39789.41799303698,21791.461100379507,2022-03-07,31101.902435434036
Midlands,Unemployed,Semi-Detached,Bachelor,Married,29,88008,22508.86615425177,29637.319758984475,2021-11-01,39210.8458756913
South East,Self-Employed,Detached,Master,Married,38,73255,22508.86615425177,21106.4309147147,2020-03-23,32535.436635012386
London,Employed,House,High School,Divorced,30,49266,11366.940891853425,16040.410169345729,2020-08-22,22319.627262310103
South East,Self-Employed,Flat,High School,Married,57,67192,24375.20183203483,8761.742135692355,2020-09-04,28934.08417179561
Scotland,Employed,Detached,Phd,Divorced,44,27038,12137.558740951092,2840.6355344737344,2020-11-09,12223.636222363595
North West,Employed,Detached,Phd,Married,48,53537,18315.69239642351,22988.87794143336,2020-02-28,25516.001506446075
North West,Self-Employed,House,Phd,Single,43,51862,22508.86615425177,19732.116663891455,2021-05-07,24244.126971036938
Wales,Self-Employed,Semi-Detached,Phd,Single,26,56566,17514.6876961952,12584.940120135432,2023-12-10,24502.271732506506
North West,Self-Employed,Detached,Master,Single,28,43242,19365.223468147404,20771.33898661317,2023-05-07,20641.084949632117
Midlands,Employed,House,Master,Single,44,53537,22508.86615425177,6254.13916397134,2020-07-29,22927.658120712164
London,Unemployed,Detached,Phd,Married,49,62657,15548.336073470971,13874.521203520892,2020-11-06,27709.662387374483
South East,Unemployed,Detached,High School,Single,28,72548,32229.49653683106,29764.805967210505,2020-05-03,33249.622653826234
Scotland,Unemployed,Flat,Bachelor,Divorced,34,52687,45846.68408496578,10323.810646458607,2021-08-13,22909.13707086059
Wales,Self-Employed,Semi-Detached,High School,Divorced,35,52675,32356.344456265797,19198.62671292046,2020-05-26,24244.394500505623
London,Employed,Detached,Master,Married,28,79433,40598.56560658258,13874.521203520892,2021-05-27,33553.083575187586
London,Employed,House,High School,Divorced,38,23273,9904.192548930836,6707.286263814107,2020-07-05,11170.04196651421
North West,Self-Employed,Semi-Detached,Master,Married,63,31710,17850.050748202313,8392.306318868375,2021-05-31,15397.317328311263
Midlands,Employed,Semi-Detached,High School,Divorced,55,78552,29072.498113499907,24144.98046263007,2021-08-12,35520.079840819264
North West,Unemployed,Semi-Detached,High School,Single,61,49365,22508.86615425177,15813.36703227472,2020-11-11,23230.503095373373
North West,Unemployed,Detached,Master,Married,51,79894,30819.922953488487,12611.81017207569,2022-04-29,34216.46732283626
Midlands,Unemployed,Detached,High School,Married,40,82178,47747.384802946784,25921.589885819576,2023-11-29,36739.628003407866
South East,Unemployed,Semi-Detached,Bachelor,Married,23,59704,31733.656729166963,15190.578335488644,2023-04-23,26007.237607175553
Midlands,Employed,Semi-Detached,High School,Divorced,50,20011,22508.86615425177,8972.395875867693,2020-06-13,10599.781971401924
Midlands,Unemployed,Semi-Detached,Master,Divorced,52,88912,19466.151267668934,17240.756741874775,2023-12-12,38400.49032543577
London,Self-Employed,House,Master,Single,23,60516,31797.796278214737,14728.70704905952,2023-06-02,26251.580542819742
North West,Unemployed,House,Phd,Divorced,30,48433,19086.455813732908,13746.651194650643,2021-12-08,21660.2470664084
Scotland,Self-Employed,Semi-Detached,Master,Married,40,44111,29372.928571722445,6292.932911707106,2022-03-21,19188.2188473873
Midlands,Employed,Flat,Phd,Married,35,64179,19079.17230635341,22357.169583415915,2023-08-16,29138.934861313843
London,Self-Employed,Semi-Detached,High School,Divorced,44,35224,9752.200309549686,8125.741793660121,2021-07-12,16155.075189625215
South East,Self-Employed,Semi-Detached,Master,Divorced,42,33095,9931.549559927984,5172.841364647875,2022-01-19,14841.029191988902
London,Self-Employed,Flat,Master,Divorced,28,77609,28709.197532836257,25907.749661213184,2023-02-23,34628.07339685972
Midlands,Unemployed,House,High School,Divorced,50,57608,24403.485107546952,8981.709654606399,2022-07-18,25072.877584476322
Midlands,Unemployed,Semi-Detached,Bachelor,Married,62,30978,18469.65051702371,14733.794347871046,2023-11-05,16022.839487851483
Midlands,Unemployed,Detached,High School,Married,38,42878,27699.671049240136,5860.109226579065,2023-03-02,18591.22562527564
South East,Employed,House,Bachelor,Single,42,37340,24405.78522465408,3776.3517969055247,2020-02-22,16268.766510260368
South East,Employed,Detached,Bachelor,Divorced,41,20068,2098.870469436708,13874.521203520892,2022-07-14,11082.55353610973
Scotland,Employed,Flat,Master,Married,62,22082,8837.601326902786,9692.218572087622,2020-10-30,11854.07433711997
London,Employed,Detached,Master,Married,59,53537,34202.72525236975,29953.966703117127,2021-03-16,26866.202174091693
North West,Self-Employed,House,Phd,Married,50,70262,24352.392682335612,15810.308866999423,2020-06-23,30952.069652047583
London,Self-Employed,Flat,Master,Single,56,25861,15974.550726653964,8396.377572309895,2020-04-15,12941.891549885724
Midlands,Unemployed,Detached,Master,Single,57,84507,30319.021387823475,16030.80446146922,2023-02-22,36672.42183964787
Scotland,Unemployed,Flat,Master,Single,32,53818,26752.744895328386,25219.922522785317,2020-03-03,25485.87863644896
London,Unemployed,House,Phd,Married,50,62681,19228.5497867361,13874.521203520892,2023-10-12,27748.13584424756
London,Self-Employed,Semi-Detached,Phd,Married,59,75939,28524.19460487668,30525.75095481296,2020-04-03,35573.551866967355
South East,Self-Employed,Flat,High School,Single,40,45686,22877.495676617305,9858.07265471994,2023-02-18,20320.966050905452
Wales,Self-Employed,Flat,Phd,Divorced,23,75176,31124.23962805375,33441.59295332029,2021-10-27,34657.998247031945
South East,Unemployed,Semi-Detached,Master,Single,48,53537,15331.249422241122,8293.235158030111,2023-07-20,23345.735494767312
London,Unemployed,House,Master,Married,62,37358,9827.786080633105,7560.78433501625,2022-08-08,17419.292516606827
Scotland,Unemployed,Semi-Detached,Master,Divorced,41,37786,17944.407222402784,13874.521203520892,2020-04-26,17902.51091412447
Midlands,Self-Employed,Flat,High School,Divorced,59,84462,36989.45562798785,27173.66774239033,2022-09-01,38359.159757590256
Scotland,Employed,Flat,Phd,Single,42,29053,10220.78174921256,3360.1784770032705,2022-03-04,13017.499421998691
North West,Self-Employed,Flat,Master,Single,42,30387,14863.939847515296,6492.449638093697,2020-10-16,13993.555226702223
Midlands,Self-Employed,Semi-Detached,Bachelor,Divorced,26,58577,26484.24233490348,24911.270032607837,2022-05-17,27096.70330203409
Scotland,Self-Employed,Flat,Master,Married,32,46074,19996.24162435683,8145.979654341173,2022-12-14,19983.586724140077
London,Unemployed,Detached,Bachelor,Divorced,45,53537,9436.76738305874,14846.668724051124,2022-07-08,24225.846222681568
South East,Unemployed,House,Master,Married,33,66213,36617.70543281223,32694.38481964253,2023-05-23,31389.994335273783
South East,Self-Employed,Flat,Phd,Married,56,31446,19143.250294269434,13850.90701922958,2021-03-30,15897.182269690593
North West,Self-Employed,Flat,Phd,Single,46,83799,22508.86615425177,41715.99196336702,2020-10-08,39871.52277710249
London,Self-Employed,Semi-Detached,Bachelor,Divorced,51,76799,32038.095780666168,8263.691742911045,2021-05-01,32383.01544242619
Midlands,Employed,Flat,Bachelor,Married,61,53537,24380.244727356607,26389.130312878173,2021-05-07,26398.214767956764
Scotland,Self-Employed,House,High School,Divorced,44,26870,19597.784889614777,8139.758082839547,2021-06-03,12941.549466264067
Wales,Employed,Detached,High School,Married,36,31587,16873.044866402837,4844.303485955093,2022-09-07,14036.643043465105
Wales,Employed,House,High School,Divorced,50,22847,3775.2488482725785,9514.488877857586,2020-03-15,11771.46305078046
Wales,Employed,Detached,Master,Single,62,61506,22287.061201473967,16900.652708192938,2022-01-22,28093.585800711295
Scotland,Self-Employed,Flat,Phd,Single,48,41652,18627.034859369585,5874.56322197625,2022-07-04,18413.806619107334
London,Unemployed,Detached,Phd,Married,61,25518,8704.715156858747,6260.189372780706,2020-03-12,12640.56808267057
South East,Employed,House,Master,Married,45,22244,12642.905280566049,10666.652233993216,2021-05-26,11563.33345241317
London,Employed,House,Phd,Divorced,45,33435,10686.126113596025,12759.301687080091,2020-05-31,16179.982710049311
North West,Employed,Semi-Detached,High School,Divorced,41,63537,35673.97586886966,20132.87671127542,2022-11-07,28738.745318041736
South East,Employed,House,Bachelor,Single,52,21445,12446.04908834842,5309.019977669472,2024-01-12,10669.212974172735
North West,Unemployed,Semi-Detached,Phd,Divorced,25,34426,16537.800622982515,9638.928795077722,2020-09-21,15515.906779123907
North West,Unemployed,Flat,High School,Divorced,30,57862,18086.085784810828,27420.52028144412,2023-02-02,27308.997914709056
Midlands,Employed,Detached,High School,Divorced,62,40103,22845.402928886135,6483.761073868449,2020-02-28,18316.83358388232
London,Employed,Detached,Bachelor,Divorced,47,21969,13259.739350095617,4742.418651309791,2020-05-02,10641.055960278394
South East,Self-Employed,Semi-Detached,Phd,Married,34,62589,29057.840716388284,27826.69578954761,2020-08-05,29305.426210904396
Midlands,Employed,Semi-Detached,High School,Married,49,50495,10942.51566290838,10911.202076382073,2023-03-29,22590.677537445878
Wales,Self-Employed,House,Bachelor,Married,53,53537,67349.35038842366,23672.50497661602,2021-07-30,25763.13743243125
North West,Unemployed,Semi-Detached,Master,Divorced,21,32089,12195.06441670763,12546.90249805581,2020-05-30,14928.866436086062
North West,Unemployed,Semi-Detached,Master,Divorced,64,33572,6488.820573276416,8646.854177489919,2022-10-21,16180.859882155168
London,Employed,Flat,Bachelor,Divorced,42,80094,32021.901935496287,27432.532112564117,2021-09-04,36219.0694517393
Scotland,Self-Employed,Semi-Detached,Master,Married,22,66281,21049.462025701596,32607.54856183441,2023-09-04,31081.75465743128
Scotland,Unemployed,House,High School,Divorced,51,40349,22508.86615425177,6419.940821684037,2020-11-06,18080.50813649721
North West,Unemployed,House,Phd,Divorced,60,79814,40355.57541669477,30513.697751584394,2022-07-30,37092.560221945285
Scotland,Self-Employed,Detached,Master,Divorced,51,43200,24845.941430444786,13963.737325951945,2021-10-11,20291.980967473814
North West,Self-Employed,Detached,Master,Single,57,89197,35616.903788493575,38118.425724506305,2022-06-24,41739.6022096196
Wales,Self-Employed,Semi-Detached,Bachelor,Single,55,53537,30317.205820034927,8293.372872470805,2020-04-17,23550.403993902968
London,Self-Employed,Detached,Phd,Single,64,36018,13085.818867842205,17690.755207521655,2021-08-11,18457.978187420253
Midlands,Self-Employed,Flat,High School,Divorced,57,48437,16792.659792563434,22537.34328890826,2022-10-11,23749.36140293332
South East,Unemployed,Detached,High School,Single,40,32064,18924.49166394137,6856.073928380753,2021-01-29,14634.290309382879
London,Self-Employed,House,Phd,Divorced,37,42405,11333.284110320348,17653.50112398119,2022-11-21,20121.58342438435
Midlands,Employed,Semi-Detached,High School,Single,29,80580,28335.53790140959,8278.148445230952,2021-06-19,33197.34123007919
Wales,Self-Employed,House,High School,Divorced,28,79000,29875.195356400087,29579.926388559088,2022-01-22,35705.803213506915
Scotland,Employed,House,Bachelor,Married,30,77634,44649.876221579354,19365.79639312553,2023-10-25,33730.045560397564
Scotland,Employed,Semi-Detached,Master,Single,57,32707,12855.72216150276,15083.005222785368,2024-01-08,16593.755307311294
Scotland,Self-Employed,Flat,Phd,Single,50,35294,35295.19856457111,11490.472546749595,2021-03-22,16854.338606588037
Scotland,Employed,Flat,Phd,Married,65,53537,7568.4562669619245,13874.521203520892,2024-02-02,24666.98761716248
Wales,Self-Employed,Detached,Phd,Married,45,67236,22532.49097654983,10300.281047514134,2020-01-08,28827.407933653092
London,Self-Employed,Semi-Detached,Phd,Divorced,45,48102,16863.538426638013,7794.859317539046,2020-02-02,21092.405265534635
South East,Employed,Flat,High School,Divorced,23,53537,30934.57898069516,15141.833432190122,2021-08-15,23626.256481994664
South East,Unemployed,Detached,Master,Single,40,36777,22508.86615425177,6929.4155461534965,2022-05-24,16459.23474835189
Scotland,Self-Employed,Flat,Master,Divorced,63,67958,35902.09805677541,25723.690697564452,2023-12-20,31909.299344554358
South East,Self-Employed,Flat,Phd,Married,56,87467,22508.86615425177,17668.18165374176,2020-04-15,38024.349735519565
Midlands,Self-Employed,Flat,High School,Single,58,46444,19858.74458386731,10276.905864965394,2021-05-11,21200.824852137717
Wales,Unemployed,House,Phd,Single,56,60154,32602.091721582416,17234.13208868262,2024-01-19,27447.014002666703
North West,Self-Employed,House,Master,Married,47,53537,9346.632641463675,9512.8508280664,2021-04-16,23496.614004475938
North West,Unemployed,House,Phd,Divorced,62,62245,24172.306410144145,30288.62283799906,2022-09-27,30355.187093338536
South East,Unemployed,Flat,High School,Single,63,24358,22508.86615425177,3775.4074799379823,2023-07-30,11885.580528593347
Wales,Unemployed,Semi-Detached,Phd,Single,21,87758,34077.39746645753,9362.941304524638,2021-01-02,35886.5942264498
London,Employed,House,Bachelor,Single,60,87003,30244.149116888148,18003.52162603094,2023-11-01,38012.213421940636
London,Unemployed,Flat,High School,Married,45,67436,22508.86615425177,23919.49728926802,2020-07-14,30915.689662988712
Scotland,Employed,House,Bachelor,Divorced,57,80324,47840.807309624775,30022.821755989415,2021-02-28,37128.66846123009
Scotland,Employed,Semi-Detached,High School,Married,31,49519,23576.52533998021,18362.337790098965,2021-12-09,22789.15108771691
London,Employed,Semi-Detached,Bachelor,Single,42,69996,41583.196427700015,7829.0710494103105,2023-10-24,29437.121622665207
Scotland,Unemployed,Semi-Detached,High School,Divorced,39,50302,21474.274893775855,10422.011639224358,2021-09-23,22151.789969671467
North West,Self-Employed,Detached,High School,Single,26,42561,22508.86615425177,13700.21566636561,2022-02-27,19276.21566660289
London,Self-Employed,Semi-Detached,Phd,Single,56,49816,20204.47328637667,18637.480578895054,2021-09-05,23674.99103275862
North West,Employed,Detached,Master,Single,61,82985,22508.86615425177,23496.75904267163,2022-06-20,37306.09917000445
Midlands,Self-Employed,House,Master,Married,59,44326,16422.905044497333,21534.893897319937,2022-02-09,22077.39634366928
Midlands,Self-Employed,Detached,High School,Divorced,33,89516,32028.22752735813,9915.368953672529,2022-04-17,36995.686552832216
Wales,Self-Employed,House,Master,Single,37,38203,20290.211549884192,4950.576029860066,2023-01-18,16628.18303662886
London,Self-Employed,Flat,High School,Single,63,64531,15614.646258450608,20991.167470580996,2020-07-20,29891.285804854557
Midlands,Employed,House,Phd,Married,46,78694,45589.04487448952,29602.70933459894,2024-02-04,36117.621382071025
South East,Self-Employed,Detached,Master,Married,34,86303,77928.0737308603,13874.521203520892,2021-12-03,36372.87528857457
Wales,Employed,House,Bachelor,Divorced,32,38989,32497.96897625376,18846.699663513988,2023-06-11,18836.742740530277
South East,Self-Employed,Semi-Detached,Phd,Single,34,44972,11649.203301278902,14882.995997095086,2022-09-29,20612.807975220945
Scotland,Unemployed,Detached,Phd,Divorced,46,32972,14759.119900947631,11439.472905232242,2020-08-29,15836.088118022539
South East,Self-Employed,Flat,Bachelor,Married,65,36528,17514.793791419455,12367.296903836776,2020-12-20,17897.348043317714
Scotland,Employed,Semi-Detached,Master,Single,32,59232,28141.363871307607,26429.84511123481,2022-04-17,27748.50113291287
Wales,Self-Employed,Semi-Detached,Phd,Married,31,28835,11527.8859394301,6252.465016850123,2023-01-30,13039.133103434946
Scotland,Employed,Flat,Master,Divorced,44,89046,43580.07443679106,35974.73113577459,2020-03-07,40984.8361048209
North West,Self-Employed,Detached,High School,Married,28,49056,20499.524186249382,18428.054899741852,2020-05-01,22532.933377908383
Scotland,Self-Employed,Detached,Bachelor,Married,39,55923,22508.86615425177,27636.88493095453,2023-09-05,26857.71606821228
South East,Unemployed,House,Bachelor,Single,41,50447,27490.67032365872,14921.389738506472,2020-07-09,22930.54610786196
North West,Unemployed,Detached,Master,Married,52,60898,24154.47506573805,23894.717251634625,2022-05-29,28600.09168796554
South East,Self-Employed,Detached,Master,Married,42,89737,44860.96087663395,39571.23789135744,2020-02-03,41723.47818748086
London,Employed,Semi-Detached,Phd,Single,48,44518,23804.707993169548,20160.38166384868,2023-09-22,21626.721189914773
Wales,Employed,Flat,Phd,Divorced,40,53537,31961.67769210595,18573.84154322862,2023-11-25,24630.10126674953
Midlands,Employed,Semi-Detached,Bachelor,Married,25,48008,15116.64734714487,6782.599682508044,2023-10-18,20322.022614092526
South East,Employed,Flat,Bachelor,Married,43,45925,19056.851516282084,21490.955069907835,2024-02-04,22218.622291375126
North West,Self-Employed,Semi-Detached,Master,Single,36,54302,24891.965132808724,17450.417559669768,2021-09-09,24641.712592908345
South East,Unemployed,House,Phd,Married,62,25152,12108.962241391122,7494.166372805219,2021-10-10,12711.158809902703
South East,Self-Employed,Semi-Detached,Master,Divorced,64,53537,17206.59851101813,13874.521203520892,2023-07-11,24637.75216554238
Wales,Unemployed,Semi-Detached,Phd,Divorced,46,28803,17466.038430341236,9977.901337747737,2022-03-11,14015.52339190808
Scotland,Unemployed,Flat,Master,Divorced,48,49278,9730.22118835014,13874.521203520892,2020-01-26,22530.623924101874
Wales,Employed,Flat,Bachelor,Married,43,86551,73105.80796566323,14435.4242593219,2022-05-29,36814.28841876181
Midlands,Unemployed,Flat,Master,Divorced,57,28101,15273.03499212622,6858.0366352227165,2024-01-20,13606.157223873206
London,Employed,Flat,High School,Single,36,24026,11247.615610218158,13874.521203520892,2021-04-04,12459.877310980362
Midlands,Employed,Semi-Detached,Master,Married,25,66864,15372.2683166218,11483.07225464298,2021-09-28,28274.185510684558
Midlands,Employed,Semi-Detached,High School,Married,33,56219,25127.577906838236,22253.188959266412,2023-01-24,26001.169595175605
South East,Employed,Flat,Phd,Single,35,53537,28191.044466992535,42746.125806314296,2021-05-02,28053.709130267478
North West,Self-Employed,Flat,Bachelor,Divorced,38,30193,6804.168252831423,13856.02025601062,2020-09-30,14889.398410445989
Wales,Self-Employed,Flat,High School,Married,63,35132,10970.392604733306,15470.920124706308,2021-02-19,17759.879093153686
South East,Unemployed,Flat,Bachelor,Single,31,76925,33439.20133346657,11407.569399702534,2023-11-06,32311.096674930108
Midlands,Unemployed,Flat,Bachelor,Married,30,53537,15772.70195297068,7743.301151829018,2023-02-12,22738.282606923993
Wales,Unemployed,House,High School,Married,27,36322,6634.49880124632,15696.513535630787,2023-04-07,17198.769770564566
Scotland,Self-Employed,Flat,High School,Single,33,76121,37097.868295215885,13874.521203520892,2024-01-23,32424.416108376416
North West,Self-Employed,Flat,Phd,Divorced,48,40650,13264.227627406814,8536.203564334177,2023-02-01,18421.193388003383
North West,Employed,Flat,Master,Married,29,72949,26943.836638482288,13874.521203520892,2022-09-19,31086.517940960097
Midlands,Unemployed,Detached,Phd,Married,32,21416,6332.178693674098,2392.625164341028,2021-04-21,9642.645489834169
South East,Employed,House,Bachelor,Married,55,25328,11699.14799081099,8365.251890850903,2021-10-13,12702.898729072014
Wales,Unemployed,Detached,High School,Divorced,65,64095,41514.57199350942,10052.71852166195,2020-03-18,28166.532767577803
London,Employed,House,Bachelor,Single,54,80650,18481.793394174583,34080.92903338069,2023-12-14,37765.75001769492
South East,Employed,Detached,High School,Married,63,69851,32303.597478719577,15416.539101151098,2020-12-22,31115.777402789034
Wales,Unemployed,Detached,Bachelor,Divorced,58,40983,15498.310566468816,6185.947212585863,2020-03-07,18494.6372123555
South East,Unemployed,Detached,Bachelor,Divorced,57,53537,15589.769829458532,7356.429938409894,2023-10-04,23470.50630485733
Wales,Unemployed,Detached,Phd,Single,37,45483,11453.20347729366,13874.521203520892,2022-04-27,20748.274375652854
North West,Self-Employed,Detached,Phd,Single,51,53537,22508.86615425177,19962.81516373272,2020-11-25,25156.81613343538
Wales,Employed,Flat,Master,Divorced,60,81273,42424.27214985913,38765.343857088366,2023-11-28,38872.76462691611
Scotland,Unemployed,Detached,Master,Married,36,30571,22508.86615425177,13874.521203520892,2022-09-10,14979.15832684595
South East,Employed,Flat,Bachelor,Single,61,56248,36055.13944959833,24608.9291575466,2021-01-13,27178.82270444109
Midlands,Self-Employed,Detached,Bachelor,Married,23,52510,22508.86615425177,10002.992855057137,2023-01-13,22472.03814846682
North West,Unemployed,House,High School,Married,54,72870,45624.35177871605,23980.476143318763,2022-11-24,33279.45249672249
Scotland,Unemployed,House,High School,Married,32,39910,21714.18510306096,6005.433282265649,2021-06-12,17294.841189169594
Midlands,Unemployed,Flat,High School,Married,56,70082,22508.86615425177,21576.514743401323,2020-11-02,31909.75589754455
South East,Unemployed,Flat,High School,Divorced,27,55498,31357.5998436511,25038.33477700226,2023-06-20,25959.54470112643
Scotland,Unemployed,Semi-Detached,High School,Married,42,49139,22508.86615425177,23013.464090010424,2023-11-26,23651.355239099634
Wales,Employed,House,Bachelor,Married,49,53537,22505.10023281181,20538.650711493017,2022-02-04,25183.385152302704
London,Unemployed,House,High School,Married,53,53537,24671.82094029237,32015.223765942283,2022-01-08,26995.197798917347
Wales,Employed,Detached,Master,Married,53,70028,30109.767338487116,26083.311245251534,2021-12-06,32466.83187391064
South East,Self-Employed,Flat,Master,Single,45,24507,11899.080126151886,10095.21884878646,2023-10-29,12350.010557690382
London,Self-Employed,House,Bachelor,Divorced,21,47329,16017.135519705396,18226.217824603023,2021-09-10,21633.72627076659
Wales,Unemployed,Semi-Detached,High School,Single,53,67051,34666.94140916338,13874.521203520892,2021-06-18,29517.92898892185
Wales,Unemployed,Detached,Bachelor,Single,54,49496,32789.81848835306,13874.521203520892,2022-04-08,22789.948514870382
North West,Unemployed,Flat,Bachelor,Married,35,88075,44489.564299964775,40744.42878894308,2020-07-18,41052.35607070272
North West,Employed,Detached,Bachelor,Divorced,42,29704,8395.636407092721,11812.804696479508,2022-08-21,14516.371911112823
London,Unemployed,Flat,Phd,Single,53,33704,19912.3505135222,10513.470784019772,2022-07-26,16185.742596574644
South East,Self-Employed,House,High School,Married,42,41176,10760.79823653806,4195.2332538537485,2020-06-29,17807.168481143297
South East,Unemployed,Semi-Detached,Phd,Married,48,80573,53141.96773907724,25260.686263523705,2020-01-09,36258.11716165793
Wales,Unemployed,House,Bachelor,Divorced,43,58906,22508.86615425177,13874.521203520892,2022-12-09,26090.426439989755
Midlands,Self-Employed,House,Master,Married,43,42697,14747.260912699065,4596.327492066548,2023-12-27,18481.096480833752
Wales,Employed,Semi-Detached,Master,Divorced,60,24368,22508.86615425177,8889.153163655126,2022-08-29,12556.925997777811
Wales,Employed,House,High School,Married,47,31235,14474.17940383889,10904.735423347318,2020-08-05,15117.752417432495
North West,Employed,House,Master,Divorced,33,64913,64098.032838114756,10655.432563167638,2020-07-01,27634.86969083602
London,Unemployed,Semi-Detached,Bachelor,Single,53,27836,10667.39089399512,12857.775572726168,2020-03-21,14273.25939466282
Midlands,Self-Employed,Detached,Phd,Divorced,28,30451,12436.20112253222,3162.9128206468017,2020-07-09,13117.184532152447
Midlands,Self-Employed,House,High School,Married,46,77839,28184.475582816416,29264.426135323716,2020-11-22,35738.559471639666
London,Self-Employed,Semi-Detached,Phd,Single,60,67774,30897.978315541062,30161.484217038367,2022-06-21,32406.145702042348
London,Employed,Detached,Master,Single,64,86788,49458.29884103066,33804.74330953444,2022-06-05,40379.93701620745
Wales,Unemployed,House,Phd,Married,63,68446,22508.86615425177,31267.82702002044,2020-12-04,32915.90192436371
London,Self-Employed,Detached,Bachelor,Married,38,24599,14533.234124864452,8789.885050934869,2022-07-04,11988.001856715928
Midlands,Employed,Semi-Detached,High School,Single,46,53537,22911.04159069561,7209.490928540891,2023-10-07,23127.21624922053
North West,Self-Employed,Detached,High School,Single,50,61512,32266.599574457563,17792.55959657154,2023-07-21,27876.78751031561
Midlands,Unemployed,Detached,High School,Single,31,82542,26397.03488698357,11785.726635436857,2024-01-07,34529.02142860212
Midlands,Employed,Semi-Detached,High School,Divorced,64,34150,20147.565187898977,9662.918399084496,2022-06-05,16553.39513863213
Scotland,Self-Employed,House,Bachelor,Divorced,29,31573,17013.29472345693,10812.625646407472,2022-03-25,14708.013339200765
Midlands,Self-Employed,Semi-Detached,Bachelor,Single,47,85147,34169.79484571733,37829.36617210376,2021-12-08,39845.645727024035
Wales,Employed,House,Master,Divorced,28,64168,33218.13881294527,21063.48465953315,2020-01-27,28739.000037525948
Scotland,Employed,Flat,Phd,Single,24,25419,5769.211840558143,13874.521203520892,2022-01-04,12645.241113097753
North West,Employed,House,Phd,Single,53,55701,46406.562627856205,26212.552186764875,2021-05-29,26971.214075605665
South East,Unemployed,Semi-Detached,Bachelor,Divorced,62,66200,38000.8455296821,26174.156860542946,2020-12-21,31269.905264471243
Wales,Unemployed,Flat,Phd,Single,48,54583,22508.86615425177,8971.891762506099,2023-05-07,23848.58318715998
London,Unemployed,Detached,Phd,Divorced,56,64934,18096.854550772932,20139.80131703321,2021-12-16,29716.028613576582
South East,Employed,Detached,Master,Married,39,46632,30859.171440129307,13520.616170057358,2023-08-08,21196.749760277507
Scotland,Unemployed,House,High School,Divorced,41,67987,35648.774348550614,17292.518871265118,2022-07-01,30032.158806437878
North West,Employed,Detached,Bachelor,Married,53,28793,14495.902023097911,14069.742868766369,2023-11-04,14820.609296563982
North West,Employed,House,Phd,Divorced,25,53537,10289.177839900003,4393.375472078018,2022-04-14,22097.385250385603
North West,Self-Employed,Semi-Detached,Phd,Married,22,69052,22508.86615425177,7068.1330956087195,2022-10-26,28376.675035022054
London,Self-Employed,Detached,High School,Married,49,67992,21904.58922871806,19690.148063840705,2020-10-22,30622.051083165323
Midlands,Unemployed,Detached,High School,Divorced,56,36530,5790.123124544252,13874.521203520892,2021-03-09,17857.587080186484
North West,Unemployed,House,Bachelor,Single,35,51127,22508.86615425177,18834.73506944841,2020-05-29,23594.803309855863
Midlands,Unemployed,Flat,Master,Single,33,81857,48576.82073976593,12383.822901961925,2023-06-16,34412.15167072896
Wales,Self-Employed,House,Master,Married,48,40103,9126.57054667546,16613.230989649433,2022-09-09,19403.46667365031
North West,Self-Employed,Detached,Master,Married,56,32264,14988.86696489324,4284.319693492678,2024-01-29,14799.241887039483
London,Employed,Flat,Phd,Divorced,34,22804,14007.49233983668,10434.982100555291,2021-08-18,11423.083682597313
South East,Self-Employed,Flat,Phd,Married,53,19388,7060.80369322596,7811.08452394033,2024-02-08,10276.181580442639
North West,Self-Employed,Flat,Bachelor,Married,35,26239,15643.026440186995,3073.2002716661023,2023-08-21,11687.313940036604
Midlands,Employed,Detached,Master,Divorced,55,40786,16774.353021199855,10038.197754857149,2021-12-23,18900.00612613589
Midlands,Self-Employed,Semi-Detached,High School,Divorced,29,75658,19562.79185966644,23137.46545738036,2022-04-29,33497.21789142189
Midlands,Unemployed,Flat,Phd,Divorced,51,80786,23795.175286383714,28994.39379571147,2023-03-18,36979.20816772082
South East,Employed,House,Master,Single,54,71143,36943.78228546989,25259.256889980097,2022-08-23,32803.55254953067
North West,Employed,House,Phd,Divorced,30,41839,22954.844580513352,8610.812602574551,2020-08-10,18363.639766982
London,Employed,Semi-Detached,Bachelor,Divorced,27,41255,22011.944136578935,4769.681372826352,2020-01-03,17483.880166150557
Wales,Unemployed,Semi-Detached,Phd,Married,23,87444,37888.37805682806,36361.15943517603,2020-10-01,39811.32285602296
Midlands,Self-Employed,House,High School,Married,59,89267,22508.86615425177,9121.996705372894,2021-10-08,37542.79804878978
North West,Self-Employed,Flat,Bachelor,Married,62,51244,21280.571938740857,13806.395174670104,2022-09-15,23686.60592930037
South East,Self-Employed,Semi-Detached,Master,Married,57,63135,34413.31906698264,24894.94950248884,2021-03-15,29755.043235688332
Scotland,Self-Employed,Detached,High School,Single,45,18693,22508.86615425177,5396.060905212564,2022-03-31,9418.127827875818
Scotland,Unemployed,Detached,High School,Single,61,82797,31724.19904607405,36449.47943367673,2023-06-13,39146.60442890307
South East,Unemployed,Flat,Master,Single,62,18037,7090.45379037515,8995.536329284529,2020-05-20,10194.198862180623
London,Unemployed,Detached,Master,Married,38,47661,22508.86615425177,13435.807644674454,2021-11-27,21551.069183026142
London,Unemployed,Detached,Master,Divorced,49,67424,29130.877980030265,27171.151508394734,2020-05-18,31508.219745796916
North West,Unemployed,House,Bachelor,Married,47,64281,22849.742655150472,24447.826944584172,2020-12-31,29837.772000664863
North West,Self-Employed,Detached,Bachelor,Divorced,38,41957,22512.632075691723,12570.30612945562,2023-06-20,19227.685209907337
Midlands,Employed,Flat,High School,Single,64,82574,42254.65202974699,39899.52858090948,2021-07-16,39657.98074228143
North West,Employed,Detached,Phd,Single,57,34809,11294.945293036952,10140.837418715448,2023-12-01,16672.986724243427
Scotland,Self-Employed,Detached,High School,Single,64,45623,14114.475332675636,10501.2502994966,2022-01-19,21093.35219078994
South East,Self-Employed,Semi-Detached,Bachelor,Married,65,66799,26798.14554071348,14151.489240039127,2021-04-27,29812.65824699885
Scotland,Self-Employed,Semi-Detached,Bachelor,Single,30,79995,40449.054203979795,21487.318366990472,2021-05-28,34952.142639070335
Scotland,Unemployed,Flat,Phd,Single,65,39409,9846.34076340402,11452.876869717347,2021-06-11,18871.251200806837
Midlands,Employed,Semi-Detached,High School,Married,64,44077,23739.344057711176,7484.959304978936,2022-02-19,20052.822063780146
Scotland,Self-Employed,Semi-Detached,Bachelor,Single,61,62222,22508.86615425177,16296.507276154469,2023-05-24,28250.730087342294
Wales,Self-Employed,Detached,Phd,Married,58,86280,52508.95513917369,14402.48251112014,2021-03-07,37143.6428494783
South East,Self-Employed,Flat,High School,Single,51,89884,25668.315991108306,27827.46768678705,2021-04-14,40308.849273779226
South East,Unemployed,Detached,Phd,Divorced,29,35206,13087.07176222056,3922.9523768236218,2021-07-11,15088.94311362471
Scotland,Self-Employed,House,Bachelor,Divorced,59,77840,40892.258706833025,21327.45543654594,2021-09-22,34946.86614344646
Midlands,Self-Employed,Detached,Bachelor,Married,21,18012,22508.86615425177,4278.822051802759,2022-05-31,8289.353730836636
Midlands,Unemployed,House,High School,Divorced,44,42716,21018.698284060152,11740.174219138113,2023-07-04,19572.655193469018
South East,Unemployed,Detached,Master,Divorced,55,53235,17123.078253163952,9207.678469682276,2020-02-09,23569.184584076404
South East,Employed,Flat,Bachelor,Single,39,53283,17835.61234559547,20825.278413862405,2022-01-30,24835.591189283547
North West,Unemployed,Flat,Master,Single,30,25345,10129.336616699567,3258.1980353659387,2024-01-03,11224.341625768497
South East,Self-Employed,Semi-Detached,Bachelor,Divorced,23,44106,14679.450348779192,13604.744811698629,2020-03-27,19769.10667647753
Wales,Unemployed,Flat,Master,Married,61,57166,14120.582297465597,25465.34164809666,2020-09-02,27658.652187857246
North West,Employed,Flat,High School,Divorced,65,53537,36958.720123039144,13874.521203520892,2023-07-04,24666.98761716248
London,Employed,Detached,Bachelor,Divorced,55,32076,16487.229072448863,7271.495238269061,2022-02-12,15138.790886565634
Midlands,Unemployed,House,Master,Single,52,75344,37469.70733896301,28541.44564770905,2023-02-09,34846.83413008309
South East,Employed,House,Phd,Married,37,88989,28692.397439269436,36518.16346260101,2021-10-18,40838.50226570965
Wales,Employed,Semi-Detached,Bachelor,Divorced,64,83214,40630.42895831499,28726.779005182692,2020-09-22,38254.3256390341
South East,Employed,House,High School,Married,33,30943,9446.331324274392,11237.522998044711,2021-03-03,14645.206738586301
Wales,Self-Employed,Flat,Phd,Divorced,24,65307,22508.86615425177,28004.334279131195,2020-06-08,30085.50960475504
South East,Unemployed,Flat,High School,Divorced,35,87685,31910.96476488369,27224.15897239213,2023-07-31,38905.55263198627
Scotland,Self-Employed,Semi-Detached,Phd,Single,31,41644,21694.966661452178,9786.554392666392,2021-10-26,18491.45105239936
Midlands,Self-Employed,Semi-Detached,Master,Divorced,36,89516,33096.49685913139,42113.587169121725,2023-05-05,41838.45532037744
London,Unemployed,House,Master,Single,40,47083,15469.825873165646,5117.006268935264,2020-11-12,20158.529905523872
London,Employed,Semi-Detached,Master,Single,29,52732,24495.95529026764,10543.381744451068,2021-10-26,22812.707533849927
North West,Employed,Semi-Detached,High School,Divorced,62,57373,19534.69220563883,14493.477999074708,2020-09-03,26147.230542789104
South East,Unemployed,Flat,Phd,Single,40,86731,26778.8722693393,28271.284083545874,2023-05-03,38839.15957858803
Scotland,Unemployed,Flat,Bachelor,Married,39,69684,22508.86615425177,9269.2294516428,2020-09-24,29442.005113916162
South East,Self-Employed,House,Phd,Married,62,53537,23098.39781804657,8674.972787072946,2022-05-17,23811.407180806455
Midlands,Self-Employed,House,Master,Married,59,21172,8769.492310446267,10481.426554382431,2021-02-12,11532.644575457749
Wales,Self-Employed,House,High School,Single,24,49856,22508.86615425177,22310.60689744462,2021-03-04,23297.3039216972
Wales,Unemployed,House,Bachelor,Divorced,54,51902,20259.837155682675,19620.43299904106,2021-02-15,24564.62006816826
Wales,Unemployed,Detached,High School,Married,62,19092,4663.019768519734,6972.258155667684,2022-02-18,10301.486599089632
Scotland,Unemployed,Flat,Master,Married,59,87672,22876.931826956978,13874.521203520892,2022-03-16,37630.71279538258
Wales,Employed,Flat,Master,Divorced,43,64580,29146.09562058359,13874.521203520892,2020-03-01,28274.444848549163
Scotland,Self-Employed,House,Bachelor,Married,46,35991,11365.690661626017,11095.562370419975,2021-10-01,16947.363172100842
Scotland,Self-Employed,Semi-Detached,Bachelor,Single,62,36163,14708.88462983774,16093.803042288002,2020-10-24,18219.480871381988
Wales,Unemployed,House,Master,Single,56,87856,48072.11865744074,13874.521203520892,2021-09-13,37613.831147461824
North West,Unemployed,Detached,Bachelor,Single,27,35241,10460.977950024511,12060.943432438868,2020-10-01,16245.770288282129
Scotland,Unemployed,Semi-Detached,Master,Single,45,53537,31954.567047490484,13874.521203520892,2021-02-19,24082.27858476053
South East,Employed,House,Phd,Divorced,52,60584,32568.44179890428,16419.613406611825,2023-03-17,27375.29759055935
Scotland,Unemployed,Flat,High School,Married,50,23559,24305.232295654987,7243.946316923676,2021-08-19,11710.208064328286
North West,Self-Employed,Detached,Master,Married,31,73372,21796.75743060269,27586.4913884732,2023-04-13,33332.80502645855
Wales,Unemployed,House,Phd,Married,41,77098,22379.735925264755,25914.6570055527,2020-12-01,34812.46182236013
Wales,Unemployed,Flat,High School,Single,49,65571,19642.522389605856,25621.83771633216,2021-11-17,30566.164674353164
Scotland,Unemployed,House,Bachelor,Single,32,24725,19766.410121063043,9693.799678845367,2021-06-02,11994.579616298686
London,Self-Employed,Semi-Detached,Phd,Divorced,21,82679,32200.390551191715,30077.64859989701,2023-07-11,36990.76834697555
Scotland,Employed,Flat,Bachelor,Single,24,63746,12286.787059315016,23381.944650659258,2023-10-08,28802.015604366723
Midlands,Unemployed,House,Phd,Divorced,58,65210,34087.1296577565,26566.866564622494,2022-08-22,30829.891470773007
South East,Employed,Detached,Master,Divorced,47,86766,26489.1051587747,29918.782092983853,2023-12-18,39300.58384877954
Midlands,Self-Employed,Detached,Master,Divorced,57,64380,41203.46526052673,19221.21362411576,2021-01-31,29396.36223717687
London,Employed,Flat,Phd,Divorced,28,45175,25728.861848788623,11999.2233912054,2020-05-18,20089.655208539505
Midlands,Self-Employed,Detached,High School,Single,64,53537,27111.79180816462,21367.173347758053,2020-03-13,25744.273909819844
Wales,Employed,Semi-Detached,Bachelor,Divorced,50,88381,52386.32300326537,36553.99389760155,2023-01-02,40989.82514188261
London,Employed,Detached,Master,Single,30,54760,30359.6066170891,27021.185513222772,2021-09-23,26056.01161074136
Wales,Self-Employed,Flat,Master,Married,26,83149,47399.25377404019,23345.123760391947,2020-07-08,36323.59109489489
North West,Unemployed,Flat,Phd,Divorced,30,42931,18764.28055971099,16870.87097475977,2023-10-17,20003.82200622228
South East,Employed,Flat,Phd,Married,54,33182,22508.86615425177,12437.30817535654,2021-10-01,16298.16550530032
London,Unemployed,Detached,Bachelor,Married,33,43237,18865.85978966522,9843.331796765317,2022-11-18,19171.479493445302
London,Employed,Detached,Master,Married,30,55128,22664.81556166895,7083.790801851816,2020-08-04,23253.288278136737
North West,Employed,Flat,Phd,Married,32,76436,35716.0377029499,17804.45442474483,2023-03-08,33096.80562010704
South East,Employed,Semi-Detached,High School,Married,40,79000,31426.59343745071,12441.605207403316,2021-10-27,33525.62563397052
North West,Self-Employed,Flat,High School,Married,28,64064,24546.528529093754,13639.41443304242,2023-02-12,27602.57517769907
Wales,Employed,Detached,Phd,Married,58,72190,23067.46260999019,23041.57582294844,2022-06-10,32995.99316014283
Scotland,Self-Employed,House,Bachelor,Divorced,63,28209,18759.131739818695,12262.431920124158,2022-04-11,14621.267012238453
London,Unemployed,Flat,Phd,Married,52,26058,4616.188163972531,13874.521203520892,2022-03-09,13709.795648321155
Scotland,Unemployed,Semi-Detached,Bachelor,Single,64,59497,21104.9236145739,27808.936414806543,2022-11-11,28989.70402865606
North West,Employed,Detached,High School,Married,56,24963,10423.118077513504,10691.68568780182,2021-10-13,12935.209395450467
Wales,Self-Employed,Semi-Detached,Phd,Married,55,45684,24793.778596861088,7109.688824042543,2020-09-14,20352.844145272735
South East,Employed,Flat,High School,Single,52,75243,41710.76608666801,10072.432615476444,2021-01-03,32080.436731992282
North West,Unemployed,Semi-Detached,Phd,Married,43,47588,19896.49829894986,4900.231374165229,2020-03-09,20408.605772199684
London,Unemployed,Semi-Detached,Master,Single,58,81115,43893.72514713659,12721.67037301956,2023-06-03,34907.32325671083
London,Employed,Semi-Detached,High School,Divorced,61,88673,47056.66785232489,13874.521203520892,2021-11-09,38074.485501049276
North West,Self-Employed,Detached,Master,Single,23,57855,33419.381981476,11812.67506612338,2020-02-25,24796.674431264604
Midlands,Self-Employed,Flat,Bachelor,Divorced,25,54418,18008.138474904543,11432.505981710368,2022-01-27,23476.04227965304
South East,Self-Employed,House,Phd,Single,54,22337,4646.618485178969,10876.739767925246,2023-09-15,11893.275707146826
North West,Unemployed,House,Bachelor,Divorced,43,25120,8826.759567592777,3039.75308337844,2023-10-31,11485.536046617983
Wales,Self-Employed,Semi-Detached,Master,Single,54,74981,21409.575913290493,18955.319610140064,2022-06-03,33349.892313955286
Scotland,Unemployed,Detached,Master,Married,38,30881,15051.096445920848,7919.787750603242,2023-11-14,14277.552963928303
South East,Self-Employed,Flat,High School,Single,21,71903,17136.441865906694,26906.089721729106,2023-05-01,32374.525262883973
Wales,Employed,Flat,High School,Single,59,35027,17639.793698826335,14756.175482541044,2022-07-17,17496.966869052605
Midlands,Self-Employed,Detached,Master,Single,25,54344,29637.866016780084,13881.42328185376,2021-02-14,23809.21678425201
Scotland,Self-Employed,House,Phd,Single,30,88861,44701.085509740326,30709.163432954767,2022-07-02,39726.70628802488
London,Self-Employed,House,High School,Single,63,69181,24149.569770012604,31951.038509475067,2020-05-23,33299.71313494656
Scotland,Employed,Flat,Phd,Divorced,51,33886,22508.86615425177,7908.175243665831,2021-11-27,15812.574130359448
London,Self-Employed,Detached,Bachelor,Single,56,23155,11758.716911055955,5083.637137005193,2021-01-23,11411.077910196776
South East,Employed,House,High School,Divorced,58,49258,33562.03188000275,20545.298450537062,2021-11-25,23800.42660785612
London,Self-Employed,Flat,Phd,Single,34,86566,39320.251148415606,13874.521203520892,2023-06-20,36474.10842947184
London,Employed,House,High School,Single,61,24548,10503.677984055732,6934.167754865805,2021-03-27,12366.732449637015
London,Employed,Semi-Detached,Master,Divorced,64,70692,30131.28575749932,22505.0752139571,2021-07-14,32515.56947306856
South East,Self-Employed,House,Master,Divorced,31,53537,29846.967703414557,8778.641491499448,2020-01-14,22920.41806998451
London,Employed,Flat,Master,Married,65,80391,37955.53250102738,12640.29050113329,2024-01-08,34821.27333876162
North West,Unemployed,Flat,Master,Married,47,18599,22508.86615425177,2734.111197846648,2023-07-06,9047.2973683588
Wales,Employed,Detached,High School,Single,28,37558,21169.23472491252,13874.521203520892,2023-06-17,17434.68899315986
North West,Employed,Flat,High School,Divorced,32,53537,23269.36321801201,11845.298970873537,2021-10-29,23402.540312270376
South East,Employed,Detached,Bachelor,Single,36,53537,41116.93719055776,13874.521203520892,2020-12-30,23819.15952017965
North West,Self-Employed,House,Phd,Divorced,33,53537,36757.48797204267,15233.409122445855,2021-12-04,23932.134980166844
South East,Self-Employed,House,Bachelor,Divorced,56,48107,17030.757246393805,14224.535585855869,2021-05-20,22365.46030926738
South East,Self-Employed,Semi-Detached,Bachelor,Divorced,30,18665,3119.449075030515,13874.521203520892,2020-07-19,10220.92517787469
North West,Self-Employed,House,High School,Divorced,21,71296,38702.27045731579,13874.521203520892,2023-03-14,30216.366716200107
Wales,Unemployed,Flat,Phd,Married,29,71131,22508.86615425177,24947.376058160728,2021-08-30,32021.988408961868
North West,Self-Employed,House,High School,Divorced,42,25184,11796.09323463178,11463.534233434651,2020-05-17,12724.96700597791
Scotland,Unemployed,House,Bachelor,Married,36,88730,28548.090494794487,35044.09325173675,2021-07-01,40491.88129931657
Scotland,Unemployed,Semi-Detached,Master,Single,25,66865,27761.5013868727,20098.28425489852,2022-01-23,29546.872841499055
Wales,Unemployed,Flat,Bachelor,Married,26,28508,8954.151876644226,6139.171432202984,2022-12-02,12750.356723218254
Wales,Employed,Detached,Phd,Divorced,55,35305,16565.174592247888,13874.521203520892,2023-08-13,17356.828443778708
Midlands,Self-Employed,Detached,Master,Married,58,87489,49947.43718525688,24777.13299086946,2021-08-13,39141.14526722296
London,Employed,Detached,Master,Married,31,39075,19176.671222076748,6756.544378557885,2021-10-10,17055.124914078755
Scotland,Employed,Semi-Detached,Master,Married,32,44890,15628.01830934466,16439.674724094886,2020-02-21,20752.66563025269
North West,Self-Employed,House,Phd,Married,30,18562,14891.274565985654,9099.842573256868,2023-03-20,9476.14981707275
Wales,Employed,Semi-Detached,Master,Divorced,28,80781,22508.86615425177,29986.176586976944,2023-05-30,36451.33558875235
Wales,Employed,House,Master,Single,22,28956,14993.59323639609,10737.618987088284,2020-04-24,13484.960636121428
Wales,Self-Employed,Semi-Detached,Bachelor,Divorced,48,66448,20790.743939975346,14210.578997299845,2022-05-01,29189.27617220817
North West,Self-Employed,House,Phd,Divorced,47,36293,24482.377015003072,4878.9111687514205,2022-02-08,16174.762768994966
London,Employed,Semi-Detached,Master,Married,32,78570,36416.93756276305,14119.2666415707,2022-10-08,33373.986340327465
Scotland,Unemployed,Semi-Detached,Bachelor,Single,21,38188,31599.77712302512,5715.627354549794,2021-07-21,16267.62553910211
North West,Employed,Detached,Phd,Divorced,48,51804,27136.44753530145,25368.600080825905,2020-10-26,25200.38009309611
Midlands,Self-Employed,House,Master,Single,24,53739,21059.74688514726,13874.521203520892,2023-05-11,23546.087311617757
South East,Unemployed,Detached,Master,Divorced,40,53580,27188.126071058097,13874.521203520892,2021-11-27,23952.652752738304
South East,Employed,House,Bachelor,Divorced,35,42696,26708.75705055637,14745.97489320462,2022-08-01,19745.737192990146
London,Employed,House,High School,Married,43,58838,52435.028906613334,25112.9692893706,2020-08-30,27723.95641802956
South East,Employed,House,Bachelor,Married,29,45504,9736.90797500568,13874.521203520892,2020-03-08,20522.474017288434
Wales,Unemployed,Flat,Phd,Single,37,23672,1634.8726367294475,9511.88561035524,2020-07-04,11708.574157356856
South East,Unemployed,Detached,Master,Married,31,53537,42718.212837290295,25249.90192980024,2020-12-17,25352.908926330358
Scotland,Employed,Flat,Bachelor,Divorced,51,66033,30676.18358157649,18216.28147964157,2020-08-19,29708.80783798567
Midlands,Employed,Semi-Detached,High School,Divorced,29,53537,42610.33204089203,26792.58939093634,2022-06-28,25522.263522994654
South East,Unemployed,Semi-Detached,Master,Married,33,27123,22508.86615425177,12900.588453269222,2023-10-17,13420.427268355912
London,Employed,House,Phd,Married,65,31332,13727.6933484131,3944.2026409738105,2024-01-25,14653.389615872498
North West,Self-Employed,Detached,Phd,Married,51,71011,45675.50352751096,15022.82110140974,2020-07-22,31153.31093507908
Wales,Employed,Flat,Phd,Divorced,22,41474,22508.86615425177,13874.521203520892,2021-02-17,18766.61080721768
Midlands,Unemployed,Semi-Detached,Phd,Divorced,37,89098,22508.86615425177,28390.900709069952,2022-02-09,39680.21658482653
North West,Self-Employed,Flat,High School,Single,56,57720,29991.714027552363,17119.28120439921,2023-11-04,26493.165019276355
Scotland,Unemployed,Semi-Detached,Phd,Divorced,31,84412,44129.41758467482,25144.347081492244,2020-04-02,37221.629330547206
South East,Self-Employed,Detached,High School,Divorced,42,67882,22508.86615425177,33722.29838893033,2023-11-10,32447.34290099768
London,Self-Employed,Flat,Master,Single,22,88571,69606.64611100481,32160.760249282164,2021-10-10,39595.56992814722
North West,Unemployed,Semi-Detached,Master,Divorced,27,82010,21747.477006347577,19222.076639374915,2022-10-14,35305.5108315465
Wales,Employed,House,Master,Married,24,56970,35692.78209176075,24032.29360949613,2023-03-06,26289.86291897356
Scotland,Self-Employed,Semi-Detached,Bachelor,Married,25,57563,24470.74793723472,15724.150488822335,2021-01-04,25320.39988370824
London,Unemployed,House,Phd,Single,63,79249,30972.029734457497,33567.76770143912,2022-08-05,37413.816389230364
South East,Employed,House,Master,Married,47,59766,28989.95571503644,21131.52410757497,2021-05-03,27610.117616279567
London,Employed,House,High School,Single,40,78838,35247.800866411766,21192.25763214242,2023-02-01,34755.5734786162
South East,Unemployed,Flat,Phd,Single,24,29000,10318.13345813928,12959.192645084468,2024-01-23,13888.45191876071
South East,Employed,Flat,High School,Divorced,63,86846,25843.48292527107,16955.009028101213,2021-04-28,37884.64252314335
North West,Employed,House,High School,Single,34,53537,20966.028054665057,24031.961167821675,2021-05-19,25260.74867182087
Midlands,Employed,Detached,Phd,Divorced,44,58392,19953.6978537181,13874.521203520892,2022-02-26,25921.814612441798
Midlands,Unemployed,Detached,High School,Divorced,36,75986,30765.925487204637,35789.630929159415,2020-11-24,35696.60219832544
North West,Unemployed,Detached,Phd,Single,38,28498,18390.321621008476,8219.86375759653,2023-12-01,13404.611525761082
Midlands,Unemployed,Flat,Master,Married,59,89791,96120.04977638868,33948.54401495416,2021-02-13,41410.901785521266
Wales,Self-Employed,Detached,High School,Single,31,50716,18975.804385690302,22253.378063148622,2023-11-08,23824.528997838355
Scotland,Self-Employed,Detached,Bachelor,Single,47,66182,21940.72810839251,31628.567208709504,2020-07-01,31629.9573116755
North West,Employed,Detached,Bachelor,Single,46,74217,31595.02156035934,10065.644031901136,2022-07-18,31509.09675345474
Wales,Self-Employed,Flat,Bachelor,Divorced,34,42975,24334.559559329267,9247.566313306656,2023-10-18,19011.883527753544
South East,Self-Employed,House,Phd,Single,22,56036,32011.41120777255,19448.53197273889,2021-10-24,25194.94551984255
Wales,Self-Employed,House,Phd,Divorced,48,51584,18339.9753536121,6370.671738815835,2023-05-10,22310.06688731997
Wales,Unemployed,Flat,High School,Married,53,67930,25640.763634060462,13874.521203520892,2021-11-25,29856.270931312356
North West,Employed,Flat,Master,Divorced,54,74744,19309.433120285907,16840.409433689285,2021-06-23,32946.335136480935
Scotland,Self-Employed,Detached,Phd,Single,41,82392,40098.26063861252,26552.460225996816,2022-08-21,36944.40317928795
Midlands,Employed,Semi-Detached,Phd,Single,52,23346,13633.201520540277,6865.5871458496385,2021-01-04,11630.815241363545
South East,Unemployed,Detached,Bachelor,Divorced,21,53537,43029.99850528687,23176.719682560342,2023-10-25,24754.384953405654
London,Self-Employed,Detached,High School,Married,30,21784,8925.058542238188,13874.521203520892,2021-10-27,11421.480943876944
Wales,Unemployed,House,Bachelor,Single,62,55087,15911.62935100371,13874.521203520892,2022-03-27,25175.902434890675
London,Employed,House,Bachelor,Married,46,55347,23898.33257644065,8204.68320565123,2023-09-24,23970.88672076943
London,Self-Employed,House,Phd,Married,45,80447,65012.353805757135,21658.603593844524,2021-11-30,35589.95240511765
North West,Unemployed,House,Bachelor,Married,54,86770,26913.630008239335,23856.735351058,2022-12-07,38611.52305199029
North West,Self-Employed,Flat,High School,Single,53,32107,15531.171644365,4424.1437705598055,2020-08-21,14671.752929159804
Wales,Unemployed,Semi-Detached,Bachelor,Single,46,23932,6556.658431683527,5398.545674649093,2021-01-18,11464.309795875537
South East,Employed,Flat,Master,Divorced,27,53537,27810.31159091952,19311.383047474326,2024-01-26,24358.961201838683
North West,Self-Employed,Detached,Phd,Married,26,53537,8351.285474842727,4979.192208946428,2022-06-11,22213.13465527993
Wales,Unemployed,House,High School,Married,50,37420,10919.835079069077,5485.1556110849,2021-05-11,16785.80118942267
South East,Self-Employed,Semi-Detached,High School,Married,21,31456,16878.56061856197,15469.896447908328,2022-09-22,15116.884476332121
Scotland,Unemployed,Semi-Detached,Bachelor,Divorced,24,53537,26835.28621002937,19747.26488302751,2021-12-11,24335.626276438936
North West,Unemployed,Semi-Detached,High School,Single,39,43192,20069.6015346647,8329.199065130388,2020-09-25,19105.962432067972
Midlands,Unemployed,Semi-Detached,Phd,Divorced,62,65219,32128.139403916095,22744.2752315728,2020-07-25,30385.77373336557
North West,Self-Employed,Detached,Bachelor,Single,56,24166,15371.35134953596,10931.790792556663,2022-05-31,12663.889579876462
London,Unemployed,House,High School,Divorced,35,81748,28388.75553398044,33839.93788286519,2023-05-22,37597.325382983894
Wales,Employed,Flat,Phd,Married,28,31879,21679.153850717503,13874.521203520892,2022-01-10,15248.746000172745
South East,Unemployed,Detached,Phd,Divorced,52,31014,10387.364745974017,7252.407116018094,2022-08-28,14639.48384785064
Midlands,Self-Employed,House,High School,Married,44,72396,26258.19901820972,11630.018194774151,2022-07-28,30980.720413562212
Scotland,Unemployed,Detached,High School,Married,30,53537,13150.06535199131,9216.355098584669,2023-09-14,22955.82456552573
Wales,Employed,Flat,Master,Married,46,53537,29230.20138940547,26842.22225204283,2021-02-24,26026.596027010008
Scotland,Unemployed,Semi-Detached,Master,Divorced,46,43859,20868.284008873274,5034.489915750311,2020-07-09,19080.784485501084
Scotland,Unemployed,Detached,Master,Divorced,31,21069,9318.924079013976,7100.283354107569,2022-02-02,10175.075160368744
Midlands,Unemployed,Detached,High School,Single,62,34351,18360.846268881796,13559.833223554746,2023-07-09,17147.79248665915
Wales,Unemployed,House,Master,Married,39,36346,21687.83023722338,14356.849143983369,2022-05-21,17360.990328560012
North West,Employed,Flat,High School,Married,29,80423,22430.51208669207,19922.19950335649,2022-05-17,34856.51342445226
North West,Unemployed,Semi-Detached,Phd,Single,30,84294,27323.026006861444,12791.958014360884,2023-02-18,35322.7615338554
Midlands,Employed,Semi-Detached,High School,Single,44,55957,12289.173728873737,8231.10041396081,2022-05-13,24151.116435274074
London,Self-Employed,Detached,Bachelor,Single,52,53537,6062.604236036182,2321.1427258709195,2024-01-14,22580.71321058834
Scotland,Employed,House,Phd,Married,63,76861,47102.16564509667,10432.03549581564,2023-10-05,33077.92870397595
North West,Unemployed,Detached,High School,Single,22,53537,23131.902225163984,20910.79828954492,2022-09-01,24448.98705438722
Scotland,Employed,Flat,Bachelor,Single,38,44975,39199.73835614124,12489.188153317691,2022-06-14,20377.384793316167
South East,Self-Employed,Flat,Master,Married,37,29930,5310.459760202091,9479.181462475386,2020-04-30,14112.5542485024
Scotland,Self-Employed,House,High School,Divorced,24,57062,22296.258930843247,8957.833572216316,2023-05-07,24099.06518109122
Scotland,Employed,Semi-Detached,Phd,Single,38,25947,13439.706513677324,6819.66520031823,2023-10-14,12215.905942917963
London,Employed,House,Master,Divorced,47,76455,24558.07466407687,13867.619125188025,2023-02-10,32961.25536556658
North West,Employed,Flat,Phd,Divorced,39,39939,12892.339452306298,8360.078440568566,2021-07-30,17858.388097904328
London,Employed,Flat,Master,Single,46,34118,22563.727054888797,17042.913406349893,2023-07-24,17104.724104042958
Midlands,Unemployed,Semi-Detached,Master,Single,63,60157,49530.496915040545,29091.74904619141,2020-01-20,29403.960668066233
Wales,Employed,Semi-Detached,Phd,Married,55,28636,11319.845447752004,9033.504865891377,2023-05-16,14074.89199901643
Midlands,Self-Employed,House,High School,Single,50,66559,40733.25221315918,6905.1848270630835,2023-07-04,28211.605534903214
Midlands,Unemployed,House,Bachelor,Married,44,22822,12877.09756082774,4190.907210316789,2023-02-04,10800.235993085378
South East,Unemployed,House,High School,Divorced,29,26526,12151.581314467488,11729.573946508775,2023-10-20,12900.753584270182
Scotland,Unemployed,Detached,Phd,Single,48,24797,13901.856611581856,6770.058804586938,2024-01-17,12058.28012270403
South East,Employed,Detached,Phd,Divorced,49,59450,13157.851804197604,13904.304288517054,2021-05-26,26479.632328767242
South East,Employed,Detached,Master,Single,61,30678,10045.778102723089,12983.65451087652,2021-11-28,15619.666713429597
London,Self-Employed,House,High School,Divorced,60,53537,22508.86615425177,13874.521203520892,2020-09-18,24520.81035906199
London,Self-Employed,Flat,Master,Divorced,61,74602,16282.329718456338,13874.521203520892,2023-09-13,32658.320004602425
Scotland,Employed,Semi-Detached,Phd,Married,48,31274,6960.90797248349,8807.718679062473,2021-01-31,14852.310270469687
Scotland,Employed,Detached,Master,Married,51,53537,21287.83789525613,31945.588188697657,2023-01-13,26926.44304972873
South East,Employed,Semi-Detached,Master,Divorced,42,56150,16417.931480122745,17242.106045867804,2021-12-05,25497.688071593722
South East,Employed,House,High School,Married,33,80354,42285.46758723904,27312.720048571293,2022-07-19,36038.334821843324
London,Self-Employed,House,High School,Divorced,35,48182,18405.035917928068,9424.766151700358,2020-01-14,21071.550237126467
Midlands,Employed,Flat,Master,Single,56,33098,12139.127176842256,13874.521203520892,2021-06-20,16536.552329009908
Wales,Employed,Detached,Bachelor,Single,33,53537,5776.141309646083,9664.491678510536,2021-09-16,23109.712141741067
North West,Employed,Detached,Master,Divorced,31,53537,53647.23027867208,39297.23479215257,2022-02-05,27427.43193394808
Midlands,Unemployed,Semi-Detached,Bachelor,Single,60,42785,22508.86615425177,17791.505427633037,2022-09-28,20960.64783035482
South East,Unemployed,Flat,Phd,Divorced,60,26503,9536.87190107537,10615.06677196572,2023-11-23,13633.608053864073
North West,Unemployed,Semi-Detached,Phd,Married,58,70552,37961.86921389856,25391.305309577347,2022-02-11,32712.509508436433
Scotland,Employed,Detached,Master,Divorced,26,35606,18102.29789746528,9891.422504255566,2022-04-17,16036.632658354043
Midlands,Self-Employed,Detached,Master,Married,22,41536,22508.86615425177,14875.783663797682,2021-04-11,18938.34301306129
London,Employed,Flat,Master,Single,55,44254,16627.0418321709,8851.218518001959,2024-01-06,20059.60370226416
Wales,Unemployed,Detached,High School,Married,39,63433,34860.91108963746,13874.521203520892,2022-03-25,27716.00337435329
South East,Employed,House,Phd,Single,54,53537,42506.67205163124,18768.326036149665,2023-02-17,25068.11923781376
London,Self-Employed,House,Bachelor,Married,21,83509,45373.78324013734,19702.186237989357,2020-02-17,35777.99155934676
Scotland,Employed,House,Bachelor,Married,57,53537,39404.932683770894,33196.11546064408,2021-09-15,27286.534774514086
London,Employed,Flat,Bachelor,Single,65,82043,19541.419017851524,10484.80121269674,2022-11-27,35138.83139757875
London,Employed,Detached,Phd,Married,31,53537,11453.36895798124,9471.634357745308,2023-12-24,23022.75989239515
Wales,Self-Employed,House,Master,Divorced,33,53537,44521.976360809946,13874.521203520892,2023-03-11,23731.45316531936
North West,Self-Employed,Semi-Detached,High School,Divorced,26,55737,29018.22126482679,13305.13177039487,2021-01-02,24289.53419818572
Scotland,Unemployed,Semi-Detached,Phd,Married,63,42044,17355.031161840267,10822.98863874024,2020-05-16,19734.01381900076
Wales,Unemployed,House,Phd,Married,56,33889,33061.69379732067,13628.75775800036,2020-02-24,16804.727014314023
London,Unemployed,Semi-Detached,Phd,Married,46,43480,12081.589920974184,8706.534909327043,2023-09-07,19477.19196017686
South East,Unemployed,Semi-Detached,Bachelor,Married,38,39150,14839.994166038774,13420.440809384483,2021-07-13,18272.77218185006
South East,Self-Employed,Detached,Bachelor,Single,23,87769,24364.70112527944,38144.44746309793,2020-04-17,40199.7784562178
Scotland,Employed,Flat,Phd,Single,36,67105,36395.9840146101,9163.494556341348,2020-07-16,28345.983084880212
Wales,Employed,House,High School,Married,53,32114,17482.035978202053,10431.32236820644,2021-12-31,15561.592995133884
Midlands,Employed,Flat,Phd,Divorced,41,19570,10074.234024590656,3679.9130046425416,2023-05-11,9385.31583323915
North West,Employed,House,Master,Single,59,60513,37280.19701593128,22460.017724438017,2023-09-26,28444.669105647547
North West,Employed,Detached,High School,Divorced,58,76839,22508.86615425177,13874.521203520892,2022-05-27,33431.67272269726
South East,Unemployed,Flat,High School,Single,44,83369,26981.21570976661,20867.192102558613,2020-10-01,36568.567717778045
Midlands,Self-Employed,Flat,Phd,Divorced,39,21105,22508.86615425177,5003.813283198073,2021-03-31,10113.207157315723
Scotland,Self-Employed,Detached,Bachelor,Married,61,18792,8177.998145381268,2405.2626464879545,2021-02-22,9482.317994117735
South East,Unemployed,Flat,Phd,Divorced,50,58824,16321.767276368351,11645.386297149547,2022-09-12,25934.310728182187
London,Self-Employed,Semi-Detached,Phd,Single,51,75852,35168.851325985845,29883.506633939058,2021-09-06,35211.333254303696
Scotland,Unemployed,House,Bachelor,Married,45,78771,22508.86615425177,19697.378109259884,2020-01-27,34655.19612567309
Scotland,Unemployed,Detached,Phd,Married,47,69727,42229.08902836617,13874.521203520892,2023-03-04,30372.553864908878
South East,Employed,Semi-Detached,Master,Divorced,43,84795,43276.441878811944,32101.874665671778,2023-07-16,38747.371975342794
Wales,Unemployed,Flat,Bachelor,Married,59,77699,42517.71221030626,15673.070396870024,2022-02-26,34057.548091191275
North West,Unemployed,Flat,Bachelor,Married,31,73950,24983.43975022037,22204.132992208568,2020-07-01,32760.41535923097
London,Unemployed,Detached,Bachelor,Married,34,70162,22508.86615425177,13874.521203520892,2022-06-01,30159.93183905793
South East,Employed,Detached,Bachelor,Divorced,29,43954,21706.32520840264,21071.254188786188,2021-06-15,20988.672976030848
North West,Self-Employed,Flat,Bachelor,Single,39,53537,10706.998419433728,3674.733532882115,2020-01-15,22400.55187202625
Wales,Unemployed,Flat,High School,Single,54,18951,10749.484923258484,9376.17282439756,2021-12-03,10368.342029492856
Midlands,Employed,Detached,Phd,Married,60,53537,30981.56076084241,10774.801109518776,2020-09-08,24063.040851128117
Scotland,Self-Employed,House,Master,Married,60,80285,32619.204717084787,8128.988226892272,2021-10-28,33968.061631146804
Wales,Self-Employed,House,Phd,Married,60,28665,13460.997517117688,14181.96820043411,2022-12-01,14992.561636519455
Scotland,Unemployed,Flat,Bachelor,Married,26,57498,35115.04383647445,28455.061217219925,2020-12-15,27204.728316631452
Wales,Unemployed,Flat,High School,Married,22,39002,22781.04775757756,17982.23901297709,2020-10-05,18421.727801699544
Scotland,Unemployed,Semi-Detached,High School,Divorced,42,47334,32111.205338949498,5957.779651118693,2022-06-13,20437.781131649626
South East,Employed,Detached,High School,Married,26,32599,13868.799660981778,15480.75200026545,2020-01-04,15704.6248925396
Midlands,Employed,House,Phd,Married,41,65844,31909.1245246201,20273.40400775516,2021-08-30,29647.50177308344
South East,Self-Employed,Semi-Detached,Bachelor,Divorced,39,37119,14547.291157095904,12603.835265091817,2021-03-17,17399.64438279896
North West,Self-Employed,Semi-Detached,High School,Married,30,53537,23624.930507594756,17337.33203997542,2023-09-12,24155.13789242777
South East,Employed,Semi-Detached,Master,Married,64,80052,49171.824119507815,20527.353141944383,2020-09-25,35826.31971128461
Midlands,Unemployed,Flat,Master,Married,62,39455,40145.721901127894,14929.070110588484,2024-01-26,19314.618430414714
Scotland,Employed,House,Phd,Married,64,40049,19564.925362652593,9701.211104768763,2020-10-31,18829.674948352935
Wales,Unemployed,Semi-Detached,Bachelor,Single,28,49569,19232.700081457897,18597.973658459876,2022-08-07,22755.489498403964
Wales,Self-Employed,Detached,Phd,Married,21,33728,6807.765896054454,13874.521203520892,2020-07-12,15755.809160197301
Scotland,Employed,Semi-Detached,Phd,Divorced,65,53537,47152.65902989889,10460.873411834647,2023-02-12,24162.85697875952
Scotland,Unemployed,Semi-Detached,High School,Divorced,58,88645,82677.7037834002,35582.39431556653,2022-07-04,41181.840094764964
Midlands,Employed,Flat,Bachelor,Divorced,34,53537,10191.251533248773,17239.89706148976,2023-09-09,24257.690411874395
London,Employed,Detached,High School,Divorced,39,88005,40159.57346791238,26065.06832819404,2023-09-19,38974.4922718675
London,Employed,Flat,Bachelor,Single,40,46208,31901.20953031271,14824.83180808656,2023-08-23,21255.388214663133
South East,Self-Employed,Semi-Detached,High School,Married,64,53537,40052.39515846727,23184.177428565963,2023-09-08,26012.61073984354
Wales,Unemployed,House,Phd,Single,41,74836,33523.47364192639,14892.294726746171,2021-11-14,32313.987251284707
Midlands,Employed,House,Master,Single,27,67434,38616.21206106986,16956.47759363808,2022-09-29,29360.376561804827
London,Unemployed,Detached,Master,Divorced,38,30984,15265.766346428789,7039.52005619608,2022-04-04,14187.20066225317
North West,Unemployed,House,Master,Single,64,85314,39695.257343638346,13400.104214647412,2023-10-20,36799.19370111289
Scotland,Self-Employed,Semi-Detached,Bachelor,Married,43,79428,33337.87258332915,38208.56369738735,2021-09-17,37583.36449063859
North West,Self-Employed,Flat,High School,Single,36,30272,5257.406587907637,4051.4243113770817,2024-02-05,13413.384214893149
South East,Self-Employed,Semi-Detached,High School,Married,21,42927,19536.31725725262,16555.399781289903,2022-12-17,19692.574198756127
Wales,Unemployed,Flat,Phd,Single,64,86618,46918.330076205326,11264.579918209369,2020-08-19,36985.749132100944
Midlands,Unemployed,House,High School,Married,40,81324,27176.28987675091,8205.0811442113,2020-03-13,33794.518714678095
North West,Unemployed,Semi-Detached,High School,Married,21,78339,29391.196846215214,11191.949966477723,2022-12-19,32531.171759122688
Scotland,Employed,Semi-Detached,High School,Married,21,38398,19038.33722776468,7312.441901069545,2022-06-17,16584.277122609266
Wales,Self-Employed,House,Bachelor,Married,48,18761,5300.124208141274,2706.579252360665,2022-09-08,9134.82341246253
Wales,Self-Employed,Flat,Phd,Married,56,82955,41047.926316814184,19075.923612435647,2020-08-12,36495.50137223012
London,Employed,House,Bachelor,Married,53,19788,9135.754696722914,2390.7057172727714,2020-06-18,9629.661818491117
North West,Employed,House,Bachelor,Single,38,33075,17324.560983575488,12123.051826332974,2021-01-21,15742.8025066254
Scotland,Unemployed,House,Bachelor,Single,29,70596,16744.98081055088,13874.521203520892,2023-07-21,30180.808509282215
South East,Employed,Detached,Phd,Married,24,84828,59465.41368829705,18807.724508463565,2020-03-24,36241.30835721827
London,Employed,Detached,Bachelor,Married,51,54721,27729.81475290222,14903.976303027956,2020-09-23,24865.463760734125
Midlands,Self-Employed,Detached,Master,Single,62,54168,18815.979363916387,7306.855277495129,2021-01-25,23852.24488631819
South East,Unemployed,Semi-Detached,High School,Single,55,62944,25146.646055440346,13874.521203520892,2023-02-21,27995.54624324532
Midlands,Self-Employed,Semi-Detached,High School,Married,25,81284,35496.41698045384,33842.924159139635,2023-11-21,37126.81044791247
South East,Unemployed,Semi-Detached,Phd,Divorced,55,85303,96086.0991455722,23466.68276378015,2023-03-17,38018.48210850168
South East,Unemployed,Flat,Phd,Divorced,54,51925,17104.350601814083,11347.973775494473,2021-07-22,23351.78878719749
South East,Self-Employed,Flat,Bachelor,Single,55,33228,9015.281271977852,11731.9146854527,2023-06-06,16240.933975763448
Midlands,Self-Employed,Flat,High School,Married,35,54659,12301.81000280754,17215.1514657358,2023-09-01,24715.14815678276
Midlands,Unemployed,House,Phd,Single,41,53231,18585.92745856673,8637.08058813513,2021-01-13,23074.082175098043
South East,Employed,Semi-Detached,Bachelor,Divorced,39,20758,5353.907052782572,8863.65936538204,2022-04-04,10549.666609429598
London,Unemployed,House,High School,Divorced,27,67528,22759.539820543057,13874.521203520892,2023-07-08,28941.412601202355
Scotland,Employed,Flat,High School,Divorced,42,29136,12218.195178340471,11767.118465087511,2021-07-01,14290.99213554971
Wales,Unemployed,Flat,High School,Single,27,89387,22508.86615425177,40633.78803556186,2021-08-10,41307.143883583085
South East,Unemployed,Semi-Detached,High School,Married,31,32435,10274.585065710808,7879.21274697621,2020-12-30,14665.073488949067
North West,Unemployed,Detached,Bachelor,Divorced,48,37689,21143.497596154382,13187.505805421217,2023-12-27,17968.363073138076
London,Employed,House,Bachelor,Married,30,69196,30955.33703856117,29467.80195108007,2022-02-27,31973.99033108587
Midlands,Self-Employed,Semi-Detached,Phd,Married,65,72256,33744.84269213779,11220.526645396634,2023-01-03,31480.302445827394
South East,Self-Employed,Flat,Phd,Divorced,57,46748,22043.872174055658,11438.476989072517,2021-12-16,21460.146023243517
Midlands,Employed,Detached,Phd,Single,56,73191,23188.769738165865,8954.645580432825,2022-01-31,31242.453274272448
London,Unemployed,Flat,High School,Married,59,38732,22508.86615425177,6061.983937894011,2020-10-13,17639.11774446176
Wales,Unemployed,Detached,Phd,Married,42,76192,70203.33524481456,13874.521203520892,2022-05-17,32714.864271830702
Wales,Self-Employed,Detached,Master,Divorced,35,73531,41807.41350550426,35974.963195503304,2021-01-11,34749.76583186571
Wales,Unemployed,Flat,Phd,Married,41,71097,36059.58920510223,8664.49636460546,2021-11-18,29955.056039200015
London,Employed,Detached,Bachelor,Divorced,27,26561,3789.239033727352,10693.68639106213,2023-03-02,12702.773947255517
London,Unemployed,Semi-Detached,High School,Single,41,30217,12670.755504199413,14873.31053463777,2020-09-22,15136.577132421213
Wales,Unemployed,Flat,Master,Married,53,31238,10759.953082270007,3419.752694076861,2020-06-10,14188.930759772344
